{"cameraMode":{"drawMode":0,"name":"Shaded","section":"Shading Mode"},"sceneLighting":true,"audioPlay":false,"sceneViewState":{"m_AlwaysRefresh":false,"showFog":true,"showSkybox":true,"showFlares":true,"showImageEffects":true,"showParticleSystems":true,"showVisualEffectGraphs":true,"m_FxEnabled":true},"in2DMode":false,"pivot":{"x":-10.149444580078125,"y":0.8247272968292236,"z":24.848390579223634},"rotation":{"x":-0.1784733533859253,"y":-0.7170650959014893,"z":0.19864197075366975,"w":-0.6438960433006287},"size":1.4461865425109864,"orthographic":false}