{"cameraMode":{"drawMode":0,"name":"Shaded","section":"Shading Mode"},"sceneLighting":true,"audioPlay":false,"sceneViewState":{"m_AlwaysRefresh":false,"showFog":true,"showSkybox":true,"showFlares":true,"showImageEffects":true,"showParticleSystems":true,"showVisualEffectGraphs":true,"m_FxEnabled":true},"in2DMode":false,"pivot":{"x":-7.936698913574219,"y":47.17465591430664,"z":-19.841779708862306},"rotation":{"x":-0.5330684185028076,"y":0.25360384583473208,"z":-0.1714320033788681,"w":-0.7887968420982361},"size":0.0008462379919365048,"orthographic":false}