{"cameraMode":{"drawMode":0,"name":"Shaded","section":"Shading Mode"},"sceneLighting":true,"audioPlay":false,"sceneViewState":{"m_AlwaysRefresh":false,"showFog":true,"showSkybox":true,"showFlares":true,"showImageEffects":true,"showParticleSystems":true,"showVisualEffectGraphs":true,"m_FxEnabled":true},"in2DMode":false,"pivot":{"x":119.47967529296875,"y":12.910316467285157,"z":-185.31570434570313},"rotation":{"x":-0.4202287793159485,"y":-0.35512539744377139,"z":0.18237969279289246,"w":-0.8150056004524231},"size":102.84295654296875,"orthographic":false}