{"cameraMode":{"drawMode":0,"name":"Shaded","section":"Shading Mode"},"sceneLighting":true,"audioPlay":false,"sceneViewState":{"m_AlwaysRefresh":false,"showFog":true,"showSkybox":true,"showFlares":true,"showImageEffects":true,"showParticleSystems":true,"showVisualEffectGraphs":true,"m_FxEnabled":true},"in2DMode":false,"pivot":{"x":-4.676223278045654,"y":56.342681884765628,"z":-30.592174530029298},"rotation":{"x":-0.28934139013290408,"y":-0.06827493011951447,"z":0.020694967359304429,"w":-0.9545671939849854},"size":14.528697967529297,"orthographic":false}